,energy,atten_length,trans_fract,atten_fract,distribution
0,100,2.5004915694600156e-05,0.0,1.0,8809416.832290107
1,150,3.89591606910935e-05,0.0,1.0,8809416.832290107
2,200,5.833846576556622e-05,0.0,1.0,8809416.832290107
3,250,8.432247541531017e-05,0.0,1.0,8809416.832290107
4,300,0.00011390212968535285,0.0,1.0,8809416.832290107
5,350,0.00015127816326509507,0.0,1.0,8809416.832290107
6,400,0.00019342993282051097,0.0,1.0,8536509.417040262
7,450,0.00024359450375791377,0.0,1.0,8216049.952163551
8,500,0.0002993845319917009,0.0,1.0,7895590.48728684
9,550,0.00036541220470828143,0.0,1.0,7575131.022410128
10,600,0.0004385092084104792,0.0,1.0,7254671.557533417
11,650,0.0005187420777051668,0.0,1.0,7159567.458279683
12,700,0.0006086696864743836,0.0,1.0,7159567.458279683
13,750,8.687112115371673e-05,0.0,1.0,7159567.458279683
14,800,0.00010062024114391561,0.0,1.0,7159567.458279683
15,850,0.00010020982138204391,0.0,1.0,7159567.458279683
16,900,0.00011498944288082147,0.0,1.0,6774130.969512211
17,950,0.00012706033352166785,0.0,1.0,6079448.925803393
18,1000,0.00013968063088841092,0.0,1.0,5384766.882094577
19,1050,0.00015722254235032488,0.0,1.0,4690084.838385759
20,1100,0.0001759953515112871,0.0,1.0,3995402.794676941
21,1150,0.00019602292824845368,0.0,1.0,3583075.388088481
22,1200,0.0002173288568651358,0.0,1.0,3583075.388088481
23,1250,0.0002399360979077104,0.0,1.0,3583075.388088481
24,1300,0.0002638670271529747,0.0,1.0,3583075.388088481
25,1350,0.000289143470773911,0.0,1.0,3583075.388088481
26,1400,0.0003157867372103593,0.0,1.0,3618924.426395776
27,1450,0.0003438176461812948,0.0,1.0,3757839.4498365456
28,1500,0.00037325657545618295,0.0,1.0,3896754.4732773155
29,1550,0.0004059849445648581,0.0,1.0,4035669.4967180854
30,1600,0.0004404030096731427,0.0,1.0,4174584.5201588543
31,1650,0.0004765406444359649,0.0,1.0,4298263.702319024
32,1700,0.0005144272563598388,0.0,1.0,4298263.702319024
33,1750,0.0005540918041482432,0.0,1.0,4298263.702319024
34,1800,0.0005955628137979269,0.0,1.0,4298263.702319024
35,1850,0.0006388683935690786,0.0,1.0,4298263.702319024
36,1900,0.0006840362479370719,0.0,1.0,4298263.702319024
37,1950,0.0007310936906205614,0.0,1.0,4518585.16066731
38,2000,0.0007800678160739787,0.0,1.0,4747778.624049753
39,2050,0.0008326901243172635,0.0,1.0,4976972.087432197
40,2100,0.0008874581600154178,0.0,1.0,5206165.550814643
41,2150,0.0009444044397196967,0.0,1.0,5435359.014197087
42,2200,0.0010035611295675178,0.0,1.0,5478240.37186219
43,2250,0.0010649600541420554,0.0,1.0,5478240.37186219
44,2300,0.0011286327049128326,0.0,1.0,5478240.37186219
45,2350,0.0011946102482901196,0.0,1.0,5478240.37186219
46,2400,0.0012629235333225864,0.0,1.0,5478240.37186219
47,2450,0.001333603099064815,0.0,1.0,5681437.702674108
48,2500,0.0014066791816386905,1.830601415737614e-309,1.0,5987220.093701753
49,2550,0.0014821817210103957,9.766061331614078e-294,1.0,6293002.484729397
50,2600,0.001560140367502706,4.277093475365301e-279,1.0,6598784.875757044
51,2650,0.0016405844880604825,1.908254178843873e-265,1.0,6904567.266784689
52,2700,0.0017235431722856006,1.05263605753424e-252,1.0,7052526.488249679
53,2750,0.001809045238256144,8.54403466029274e-241,1.0,7052526.488249679
54,2800,0.0018971192381433432,1.1936192740968019e-229,1.0,7052526.488249679
55,2850,0.001987793463638616,3.3060759187315923e-219,1.0,7052526.488249679
56,2900,0.0020810959512020054,2.0631571101882234e-209,1.0,7052526.488249679
57,2950,0.0021770544871422496,3.256942550967184e-200,1.0,7172219.502439057
58,3000,0.002275696612538094,1.444649690855176e-191,1.0,7497700.505936491
59,3050,0.0023795879232725164,3.102609932982026e-183,1.0,7823181.509433924
60,3100,0.002486398351216819,2.1473239377729215e-175,1.0,8148662.512931358
61,3150,0.002596159168524471,5.206459695112766e-168,1.0,8474143.516428791
62,3200,0.0027089017698478657,4.772690553376156e-161,1.0,8728228.686900984
63,3250,0.0028246573186414482,1.773329873652344e-154,1.0,8728228.686900984
64,3300,0.0029434567509136625,2.8462147650857485e-148,1.0,8728228.686900984
65,3350,0.003065330778895473,2.0917817609319832e-142,1.0,8728228.686900984
66,3400,0.003190309894629998,7.425976120456189e-137,1.0,8728228.686900984
67,3450,0.003318424373486356,1.3375135778231837e-131,1.0,8750565.784197832
68,3500,0.003449704277601496,1.2786460204340423e-126,1.0,9065315.791562485
69,3550,0.0035841794592527845,6.76318936821171e-122,1.0,9380065.79892714
70,3600,0.0037218795641644426,2.0564996729919936e-117,1.0,9694815.806291794
71,3650,0.003862834034750263,3.724107501513836e-113,1.0,10009565.813656447
72,3700,0.004007072113295199,4.149559215647311e-109,1.0,10324315.821021102
73,3750,0.00415462284507807,2.9320434596563777e-105,1.0,10348683.563526755
74,3800,0.0043055150814373545,1.3510019841939202e-101,1.0,10348683.563526755
75,3850,0.004459777482782179,4.1657878892977416e-98,1.0,10348683.563526755
76,3900,0.0046174385215501665,8.804771256682088e-95,1.0,10348683.563526755
77,3950,0.004778526485114047,1.3043589726148086e-91,1.0,10348683.563526755
78,4000,0.004943069478638158,1.382702652998745e-88,1.0,10563920.987446088
79,4050,0.00511341032847277,1.1682804135541859e-85,1.0,10841935.993341897
80,4100,0.005287387600540279,7.280843919308222e-83,1.0,11119950.999237705
81,4150,0.005465031342255432,3.404983873543435e-80,1.0,11397966.005133511
82,4200,0.0056463714878952,1.2142934490084502e-77,1.0,11675981.011029318
83,4250,0.005831437796054272,3.352099457481781e-75,1.0,11780012.432590332
84,4300,0.006020259851932798,7.263958269907388e-73,1.0,11780012.432590332
85,4350,0.006212867069589971,1.2519119558359862e-70,1.0,11780012.432590332
86,4400,0.0064092886941637525,1.737126704391878e-68,1.0,11780012.432590332
87,4450,0.006609553804057856,1.962997732379861e-66,1.0,11780012.432590332
88,4500,0.006813691313096448,1.825985553359119e-64,1.0,11893702.634204926
89,4550,0.007021729972647111,1.412313791176705e-62,1.0,12131837.51596522
90,4600,0.007233698373712912,9.168918291064366e-61,1.0,12369972.397725519
91,4650,0.0074496249489939045,5.04085069024203e-59,1.0,12608107.279485814
92,4700,0.007669537974918728,2.3664705799666628e-57,1.0,12846242.161246112
93,4750,0.007893465573646879,9.561058664289411e-56,1.0,13006022.985136893
94,4800,0.008121435715041724,3.348982987166658e-54,1.0,13006022.985136893
95,4850,0.00835347621861517,1.0240680329535028e-52,1.0,13006022.985136893
96,4900,0.008589614755444381,2.751601651198561e-51,1.0,13006022.985136893
97,4950,0.008829878850060407,6.536603439390118e-50,1.0,13006022.985136893
98,5000,0.009074296764585045,1.3808611516687474e-48,1.0,13040548.7713514
99,5050,0.009325719557351463,2.694379209883686e-47,1.0,13231673.65932459
100,5100,0.009581472948257215,4.715370597827475e-46,1.0,13422798.547297778
101,5150,0.009841585758872324,7.438637951067415e-45,1.0,13613923.435270963
102,5200,0.010106086652719126,1.0627812457417602e-43,1.0,13805048.32324415
103,5250,0.010375004136201885,1.3813622681505661e-42,1.0,13990007.892250462
104,5300,0.01064836655951432,1.6402876272301946e-41,1.0,13990007.892250462
105,5350,0.01092620211752514,1.7865628220752943e-40,1.0,13990007.892250462
106,5400,0.011208538850642283,1.7916261619797327e-39,1.0,13990007.892250462
107,5450,0.011495404645656881,1.6602204973594254e-38,1.0,13990007.892250462
108,5500,0.011786827236566473,1.426430634707075e-37,1.0,13990007.892250462
109,5550,0.01208283420537904,1.1399951350505291e-36,1.0,14115562.427110368
110,5600,0.012383452982897735,8.500647889840659e-36,1.0,14257613.178229239
111,5650,0.012688710849486745,5.931431767416468e-35,1.0,14399663.929348113
112,5700,0.012998634935819538,3.883504966045669e-34,1.0,14541714.680466987
113,5750,0.013313252223608995,2.3921234600709283e-33,1.0,14683765.431585858
114,5800,0.013632589546320151,1.3896998742713968e-32,1.0,14721340.146397948
115,5850,0.013956673589866648,7.632475288209667e-32,1.0,14721340.146397948
116,5900,0.014285530893289973,3.971878864653727e-31,1.0,14721340.146397948
117,5950,0.014619187849423737,1.962658908644857e-30,1.0,14721340.146397948
118,6000,0.014957671946168798,9.227877576929525e-30,1.0,14721340.146397948
119,6050,0.015303224200733935,4.175612311344896e-29,1.0,15689973.645755317
120,6100,0.015653735089293127,1.8037457469509906e-28,1.0,17339843.89191346
121,6150,0.016009231402236767,7.451549336864936e-28,1.0,18989714.138071626
122,6200,0.016369739774163453,2.9490158432759063e-27,1.0,20639584.384229768
123,6250,0.016735286684067353,1.1198912363355889e-26,1.0,22289454.63038794
124,6300,0.01710589845551154,4.0871387987342743e-26,1.0,23215510.833070274
125,6350,0.01748160125679017,1.4356668193487967e-25,1.0,23215510.833070274
126,6400,0.017862421101077948,4.860663769341747e-25,1.0,23215510.833070274
127,6450,0.018248383846569263,1.5883072894150946e-24,1.0,23215510.833070274
128,6500,0.018639515196604953,5.015726147177807e-24,1.0,23215510.833070274
129,6550,0.019035840699789468,1.5326112510013394e-23,1.0,22787871.41199294
130,6600,0.01943738575009675,4.5367432288967606e-23,1.0,21314891.183837704
131,6650,0.019844175586966883,1.3024564052974176e-22,1.0,19841910.95568244
132,6700,0.020256235295392343,3.630451553497069e-22,1.0,18368930.727527205
133,6750,0.02067358980599555,9.83531093755265e-22,1.0,16895950.49937194
134,6800,0.021096263895096386,2.5922565639781633e-21,1.0,15632038.432632262
135,6850,0.02152428218477191,6.653414627594904e-21,1.0,15632038.432632262
136,6900,0.0219576691429071,1.6645042762312166e-20,1.0,15632038.432632262
137,6950,0.022396449083237353,4.0623705081592466e-20,1.0,15632038.432632262
138,7000,0.02284064616538335,9.680401282305111e-20,1.0,15632038.432632262
139,7050,0.02329028439487816,2.254116909224335e-19,1.0,15632038.432632262
140,7100,0.023745387623186755,5.132921312477509e-19,1.0,45875053.35827016
141,7150,0.0031531496583379268,1.8469473273133065e-138,1.0,76314451.49771139
142,7200,0.003206857322230329,3.742676756600718e-136,1.0,106753849.63715206
143,7250,0.003261120046043581,6.707929374507464e-134,1.0,137193247.77659327
144,7300,0.003315952837176672,1.0684442015146812e-131,1.0,167632645.91603395
145,7350,0.0033713710210337864,1.5192917511659094e-129,1.0,172345843.0473027
146,7400,0.0034273902405848183,1.9369653739133e-127,1.0,172345843.0473027
147,7450,0.003484026456402132,2.2231158918881108e-125,1.0,172345843.0473027
148,7500,0.0035412959471602273,2.305891175052696e-123,1.0,172345843.0473027
149,7550,0.0035992153105852613,2.169416530603054e-121,1.0,172345843.0473027
150,7600,0.0036578014648422754,1.857738753205586e-119,1.0,151360751.9941282
151,7650,0.0037170716503478677,1.452773443356827e-117,1.0,121243260.20485
152,7700,0.0037770434319973458,1.0407465715782072e-115,1.0,91125768.41557127
153,7750,0.0038377347017951734,6.850474279287607e-114,1.0,61008276.62629254
154,7800,0.003899163681878686,4.1548546956531644e-112,1.0,30890784.837014377
155,7850,0.003961348927925261,2.3282064368546535e-110,1.0,17289336.932178542
156,7900,0.004024309332933599,1.2084585634125214e-108,1.0,17289336.932178542
157,7950,0.004088064131370862,5.824348164048125e-107,1.0,17289336.932178542
158,8000,0.004152632903677094,2.6126322205851776e-105,1.0,17289336.932178542
159,8050,0.004218034603380164,1.0931080395273891e-103,1.0,17289336.932178542
160,8100,0.004284272626528203,4.270920622971663e-102,1.0,17144655.653661046
161,8150,0.004351349281988344,1.560077362032552e-100,1.0,16782952.457367305
162,8200,0.004419266791300215,5.333692093581299e-99,1.0,16421249.261073558
163,8250,0.004488027285626058,1.7086598993943427e-97,1.0,16059546.06477981
164,8300,0.004557632803772384,5.134701160612967e-96,1.0,15697842.86848607
165,8350,0.004628085290284851,1.4490700441325244e-94,1.0,15427148.863517843
166,8400,0.0046993865936150745,3.844655749981748e-93,1.0,15427148.863517843
167,8450,0.004771538464356866,9.600518159409112e-92,1.0,15427148.863517843
168,8500,0.004844542553550866,2.258769893243586e-90,1.0,15427148.863517843
169,8550,0.004918400411055452,5.012516198046256e-89,1.0,15427148.863517843
170,8600,0.0049931134839829115,1.0502860269745762e-87,1.0,17686172.80651869
171,8650,0.005068683115199141,2.080098033714986e-86,1.0,39570467.254340015
172,8700,0.005145110541885646,3.897943487183747e-85,1.0,61454761.702160545
173,8750,0.005222396894162651,6.918443361336345e-84,1.0,83339056.14998189
174,8800,0.005300543193772198,1.1642393807546792e-82,1.0,105223350.5978032
175,8850,0.005379550352819891,1.8593936256114678e-81,1.0,127107645.04562452
176,8900,0.005459419172574601,2.821134044089387e-80,1.0,128095968.02068745
177,8950,0.005540150342324583,4.070254529950203e-79,1.0,128095968.02068745
178,9000,0.005621744438289761,5.58960187687182e-78,1.0,128095968.02068745
179,9050,0.005704201922588562,7.31326717518099e-77,1.0,128095968.02068745
180,9100,0.005787523142259026,9.124662135663174e-76,1.0,128095968.02068745
181,9150,0.005871708328332874,1.0866612043824786e-74,1.0,110096164.71461576
182,9200,0.0059567575949620345,1.2363300937798052e-73,1.0,87776408.61508773
183,9250,0.006042670938596831,1.3449996253486558e-72,1.0,65456652.51555888
184,9300,0.006129448237214976,1.4003464728615357e-71,1.0,43136896.416030034
185,9350,0.0062170892496006425,1.3965171197228985e-70,1.0,20817140.316501185
186,9400,0.006305593614673222,1.3351187794882628e-69,1.0,13185223.714726875
187,9450,0.006394960850864569,1.224660029606137e-68,1.0,13185223.714726875
188,9500,0.006485190355544509,1.0786635217619981e-67,1.0,13185223.714726875
189,9550,0.00657628140449405,9.130147319305203e-67,1.0,13185223.714726875
190,9600,0.006668233151424985,7.432436741504772e-66,1.0,13185223.714726875
191,9650,0.006761044627546299,5.823450765841803e-65,1.0,12869398.453197813
192,9700,0.006854714741175815,4.3949436387877745e-64,1.0,12249741.294501515
193,9750,0.0069492422773972,3.197214734179427e-63,1.0,11630084.135805216
194,9800,0.00704462589776138,2.2436326217145905e-62,1.0,11010426.977108918
195,9850,0.007140864140031801,1.519858008272894e-61,1.0,10390769.818412619
196,9900,0.007237955417973377,9.945568281819806e-61,1.0,9994988.794471117
197,9950,0.007335898021183894,6.291144562621953e-60,1.0,9994988.794471117
198,10000,0.007434690114702267,3.849422653817984e-59,1.0,9994988.794471117
199,10050,0.007534327080516985,2.2797843905890284e-58,1.0,9994988.794471117
200,10100,0.0076348151607189664,1.3078831153265322e-57,1.0,9994988.794471117
201,10150,0.007736158010900574,7.273372872548063e-57,1.0,10405713.705326457
202,10200,0.007838359293621385,3.923743328589567e-56,1.0,12334876.165404808
203,10250,0.007941422678415713,2.0547583887369026e-55,1.0,14264038.625483159
204,10300,0.008045351841799803,1.0452154407540315e-54,1.0,16193201.085561514
205,10350,0.008150150467279056,5.1679380679759284e-54,1.0,18122363.545639865
206,10400,0.008255822245354852,2.4852444399650733e-53,1.0,19927063.91151959
207,10450,0.008362370873530832,1.16312862034277e-52,1.0,19927063.91151959
208,10500,0.00846980005631958,5.300935516489647e-52,1.0,19927063.91151959
209,10550,0.008578113505248635,2.3539424125888738e-51,1.0,19927063.91151959
210,10600,0.008687314938866294,1.0190684233276389e-50,1.0,19927063.91151959
211,10650,0.008797408082747477,4.303424695261282e-50,1.0,19927063.91151959
212,10700,0.008908396669498941,1.773622825473595e-49,1.0,18220905.032959715
213,10750,0.009020284438764958,7.13791323676608e-49,1.0,16358548.510587972
214,10800,0.009133075137231895,2.806499745140176e-48,1.0,14496191.988216229
215,10850,0.00924677251863342,1.0785929311583658e-47,1.0,12633835.465844557
216,10900,0.009361380343755145,4.0537639994595886e-47,1.0,10771478.943472814
217,10950,0.00947690238043885,1.4906366575167258e-46,1.0,10338931.622147726
218,11000,0.009593342403587085,5.365330267234318e-46,1.0,10338931.622147726
219,11050,0.00971070419516706,1.8911512434164787e-45,1.0,10338931.622147726
220,11100,0.009828991544214504,6.530555044296142e-45,1.0,10338931.622147726
221,11150,0.00994820824683777,2.210304324731434e-44,1.0,10338931.622147726
222,11200,0.010068358106220853,7.335195387785744e-44,1.0,10056725.405580496
223,11250,0.010189444932627304,2.387832874869821e-43,1.0,9601079.951747976
224,11300,0.01031147254340305,7.627802275435255e-43,1.0,9145434.497915458
225,11350,0.010434444762979502,2.3920187806816938e-42,1.0,8689789.044082955
226,11400,0.010558365422876739,7.366508454714306e-42,1.0,8234143.590250436
227,11450,0.010683238361705776,2.228686829650635e-41,1.0,7993092.446932579
228,11500,0.010809067425171426,6.626452303385547e-41,1.0,7993092.446932579
229,11550,0.010935856466074565,1.9369055542887355e-40,1.0,7993092.446932579
230,11600,0.011063609344314327,5.567729928144205e-40,1.0,7993092.446932579
231,11650,0.011192329926890404,1.5744674452151797e-39,1.0,7993092.446932579
232,11700,0.011322022087904584,4.3814214344346725e-39,1.0,7967031.04533628
233,11750,0.011452689708562894,1.2002144483555613e-38,1.0,7886240.700387749
234,11800,0.011584336677177048,3.2374163421984435e-38,1.0,7805450.355439217
235,11850,0.011716966889166012,8.601305616689803e-38,1.0,7724660.0104906885
236,11900,0.011850584247057134,2.2515597960064712e-37,1.0,7643869.665542157
237,11950,0.011985192660487668,5.808714669197403e-37,1.0,7577152.477455627
238,12000,0.012120796046205412,1.4773225182326646e-36,1.0,7577152.477455627
239,12050,0.012257398328070103,3.704995980365644e-36,1.0,7577152.477455627
240,12100,0.012395003437053692,9.165011180402562e-36,1.0,7577152.477455627
241,12150,0.012533615311241215,2.2367842774168717e-35,1.0,7577152.477455627
242,12200,0.012673237895831432,5.387303663510714e-35,1.0,7577193.592887553
243,12250,0.012813875143136887,1.2808047785946654e-34,1.0,7578786.815874689
244,12300,0.012955531012584271,3.006519084779128e-34,1.0,7580380.038861825
245,12350,0.01309820947071466,6.9697556104252e-34,1.0,7581973.261848961
246,12400,0.01324191449118313,1.596042233073478e-33,1.0,7583566.484836096
247,12450,0.013386650054758975,3.6111278618636096e-33,1.0,7585159.707823232
248,12500,0.013532420149325129,8.074380574763438e-33,1.0,7585355.006124881
249,12550,0.013679228769877922,1.7845859931699304e-32,1.0,7585355.006124881
250,12600,0.013827079918526417,3.899596014544104e-32,1.0,7585355.006124881
251,12650,0.013975977604491902,8.426467448154698e-32,1.0,7585355.006124881
252,12700,0.014125925844106813,1.8009564066574055e-31,1.0,7585355.006124881
253,12750,0.014276928660814127,3.807838972117828e-31,1.0,7581883.17562361
254,12800,0.014428990085166075,7.966283936609032e-31,1.0,7577120.930245759
255,12850,0.014582114154823248,1.6493662314644917e-30,1.0,7572358.684867908
256,12900,0.014736304914552965,3.3802047972107115e-30,1.0,7567596.4394900575
257,12950,0.014891566416228248,6.85823357091488e-30,1.0,7562834.194112207
258,13000,0.01504790271882591,1.3778499331314402e-29,1.0,7560837.123469883
259,13050,0.015205317888425355,2.74149430622102e-29,1.0,7560837.123469883
260,13100,0.015363815998206423,5.403091672386766e-29,1.0,7560837.123469883
261,13150,0.015523401128447755,1.0549675190775282e-28,1.0,7560837.123469883
262,13200,0.015684077366524784,2.041024780973318e-28,1.0,7560837.123469883
263,13250,0.01584584880690752,3.9132633997971265e-28,1.0,7556519.589809675
264,13300,0.016008719551158495,7.436682125495085e-28,1.0,7546531.265670388
265,13350,0.01617269370793021,1.4009898475013668e-27,1.0,7536542.941531101
266,13400,0.01633777539296302,2.6168046482234834e-27,1.0,7526554.617391814
267,13450,0.016503968729082275,4.846762307652461e-27,1.0,7516566.293252527
268,13500,0.01667127784619573,8.903043331181931e-27,1.0,7509413.364352779
269,13550,0.016839706881290953,1.6221557599849068e-26,1.0,7509413.364352779
270,13600,0.017009259978432043,2.932065168221036e-26,1.0,7509413.364352779
271,13650,0.01717994128875713,5.258237022650609e-26,1.0,7509413.364352779
272,13700,0.017351754970474885,9.357276266907138e-26,1.0,7509413.364352779
273,13750,0.01752470518886143,1.6525614251838821e-25,1.0,7507444.884580987
274,13800,0.017698796116256913,2.896807326471548e-25,1.0,7492915.629122513
275,13850,0.017874031932062294,5.040682140557126e-25,1.0,7478386.373664041
276,13900,0.018050416822735674,8.708021547994524e-25,1.0,7463857.118205568
277,13950,0.01822795498178843,1.4936948292249624e-24,1.0,7449327.862747095
278,14000,0.01840665060978182,2.5442931267540348e-24,1.0,7434798.607288622
279,14050,0.018586507914322828,4.304125951111614e-24,1.0,7434611.133024641
280,14100,0.018767531110060427,7.232093749125988e-24,1.0,7434611.133024641
281,14150,0.01894972441868117,1.2071245928473697e-23,1.0,7434611.133024641
282,14200,0.019133092068905257,2.0016858045901384e-23,1.0,7434611.133024641
283,14250,0.01931763829648236,3.297929354048801e-23,1.0,7434611.133024641
284,14300,0.019503367344186624,5.399249345770813e-23,1.0,7419040.132332869
285,14350,0.019690283461812886,8.784481048987362e-23,1.0,7400474.70843114
286,14400,0.01987839090617159,1.4204722770138356e-22,1.0,7381909.284529409
287,14450,0.020067693941084257,2.283104231759032e-22,1.0,7363343.86062768
288,14500,0.020258196837378468,3.647847062304764e-22,1.0,7344778.436725952
289,14550,0.020449903872883157,5.7943695901563645e-22,1.0,7339029.144162835
290,14600,0.02064281933242353,9.1511242536669e-22,1.0,7339029.144162835
291,14650,0.0208369475078157,1.437078978906933e-21,1.0,7339029.144162835
292,14700,0.021032292697861738,2.244208674985785e-21,1.0,7339029.144162835
293,14750,0.02122885920834415,3.485459278091676e-21,1.0,7339029.144162835
294,14800,0.02142665135202034,5.3840367142153496e-21,1.0,7327114.7659830265
295,14850,0.02162567344861735,8.272629708506487e-21,1.0,7305129.9014845705
296,14900,0.02182592982482581,1.264452147206901e-20,1.0,7283145.036986114
297,14950,0.022027424814294563,1.9227350888861665e-20,1.0,7261160.172487658
298,15000,0.022230162757624388,2.908902029400139e-20,1.0,7239175.307989203
299,15050,0.022434152999948446,4.3789435696990406e-20,1.0,7225842.551454655
300,15100,0.022639394351283662,6.559464232355953e-20,1.0,7225842.551454655
301,15150,0.02284589052732751,9.778182118915882e-20,1.0,7225842.551454655
302,15200,0.023053645247692305,1.450674625875218e-19,1.0,7225842.551454655
303,15250,0.023262662229015227,2.142076103654063e-19,1.0,7225842.551454655
304,15300,0.023472945184942945,3.1483504629861535e-19,1.0,7219707.95848447
305,15350,0.02368449782611729,4.606216077228376e-19,1.0,7194685.276632396
306,15400,0.023897323860160653,6.708846451578185e-19,1.0,7169662.594780322
307,15450,0.02411142699166125,9.72797487874758e-19,1.0,7144639.91292825
308,15500,0.02432681092215945,1.4044177309681236e-18,1.0,7119617.231076175
309,15550,0.024543479350132548,2.018818066154649e-18,1.0,7097016.0990807535
310,15600,0.024761435970981713,2.889697182931385e-18,1.0,7097016.0990807535
311,15650,0.024980684477016728,4.118969212565315e-18,1.0,7097016.0990807535
312,15700,0.02520122855744296,5.846987148966048e-18,1.0,7097016.0990807535
313,15750,0.025423071898346635,8.266258542901763e-18,1.0,7097016.0990807535
314,15800,0.02564621818268155,1.1639772887006734e-17,1.0,7097016.0990807535
315,15850,0.025870671090255273,1.6325394873046737e-17,1.0,7070902.342641123
316,15900,0.026096434297715094,2.2808205184705807e-17,1.0,7043367.4293884495
317,15950,0.02632351147853463,3.174321424325601e-17,1.0,7015832.516135777
318,16000,0.02655190630300073,4.401156332054005e-17,1.0,6988297.602883105
319,16050,0.026781622438199135,6.079419716590125e-17,0.9999999999999999,6960762.689630432
320,16100,0.027012663548001945,8.36680860745458e-17,0.9999999999999999,6955255.706979897
321,16150,0.027245033293053805,1.1473144580812368e-16,0.9999999999999999,6955255.706979897
322,16200,0.02747873533075926,1.5676611473373412e-16,0.9999999999999999,6955255.706979897
323,16250,0.02771377331526897,2.1344737591307983e-16,0.9999999999999998,6955255.706979897
324,16300,0.027950150897467038,2.896141501383655e-16,0.9999999999999997,6955255.706979897
325,16350,0.028187871724958104,3.916157448451717e-16,0.9999999999999996,6935981.618397141
326,16400,0.02842693944205419,5.277553556273872e-16,0.9999999999999994,6906402.571562218
327,16450,0.028667357689761877,7.088554389243917e-16,0.9999999999999993,6876823.524727296
328,16500,0.028909130105769877,9.489760926017723e-16,0.999999999999999,6847244.477892373
329,16550,0.02915226032443606,1.2663249155289992e-15,0.9999999999999988,6817665.43105745
330,16600,0.029396751976774663,1.6844057266616746e-15,0.9999999999999983,6802971.323920101
331,16650,0.02964260869044406,2.2334643120369377e-15,0.9999999999999978,6802971.323920101
332,16700,0.02988983408973427,2.9523023891652107e-15,0.999999999999997,6802971.323920101
333,16750,0.030138431795554484,3.890546645689407e-15,0.9999999999999961,6802971.323920101
334,16800,0.030388405425420473,5.111478502511021e-15,0.9999999999999949,6802971.323920101
335,16850,0.030639758593442576,6.695552725862615e-15,0.9999999999999933,6791944.784214634
336,16900,0.030892494910313407,8.744759808164517e-15,0.9999999999999912,6760869.990499225
337,16950,0.031146617983295804,1.1388018889908225e-14,0.9999999999999886,6729795.196783816
338,17000,0.03140213141621045,1.478782574766207e-14,0.9999999999999852,6698720.403068407
339,17050,0.0316590388094239,1.91484249901214e-14,0.9999999999999809,6667645.609352998
340,17100,0.031917343759837284,2.472582818217654e-14,0.9999999999999752,6642986.256920771
341,17150,0.032177049860873115,3.1840061401845494e-14,0.9999999999999681,6642986.256920771
342,17200,0.03243816070246449,4.089009813669352e-14,0.9999999999999591,6642986.256920771
343,17250,0.0327006798710432,5.237201803529312e-14,0.9999999999999476,6642986.256920771
344,17300,0.03296461094952721,6.690103063507256e-14,0.999999999999933,6642986.256920771
345,17350,0.033229957517310074,8.523811779718901e-14,0.9999999999999147,6641114.680787303
346,17400,0.03349672315024854,1.0832218143491563e-13,0.9999999999998916,6608881.98071088
347,17450,0.03376491142065105,1.3730873672645274e-13,0.9999999999998627,6576649.280634457
348,17500,0.03403452589726664,1.736163681350677e-13,0.9999999999998264,6544416.580558035
349,17550,0.03430557014527302,2.1898236929954426e-13,0.9999999999997811,6512183.880481612
350,17600,0.034578047726265666,2.755292216102912e-13,0.9999999999997244,6479951.180405189
351,17650,0.03485196219824615,3.458438337990778e-13,0.9999999999996542,6477039.839753125
352,17700,0.03512731711561049,4.330717702629666e-13,0.9999999999995669,6477039.839753125
353,17750,0.03540411602913897,5.410290436255103e-13,0.999999999999459,6477039.839753125
354,17800,0.0356823624859835,6.743344421332042e-13,0.9999999999993257,6477039.839753125
355,17850,0.035962060029657725,8.385658102617128e-13,0.9999999999991614,6477039.839753125
356,17900,0.036243212200025625,1.0404442071755924e-12,0.9999999999989596,6451779.419502244
357,17950,0.036525822533289516,1.288050438757742e-12,0.9999999999987119,6418598.359003205
358,18000,0.03680989456198081,1.5910791015998366e-12,0.9999999999984089,6385417.298504165
359,18050,0.037095431814947025,1.9611359989260243e-12,0.9999999999980389,6352236.238005126
360,18100,0.03738243781734266,2.412085596792057e-12,0.9999999999975879,6319055.177506086
361,18150,0.03767091609061727,2.9604560924125068e-12,0.9999999999970396,6306210.896022587
362,18200,0.03796087015250494,3.625910674125115e-12,0.9999999999963741,6306210.896022587
363,18250,0.038252303517013427,4.431794673783972e-12,0.9999999999955682,6306210.896022587
364,18300,0.03854521969441396,5.405769557402435e-12,0.9999999999945942,6306210.896022587
365,18350,0.03883962219122922,6.580546079281615e-12,0.9999999999934195,6306210.896022587
366,18400,0.039135514510224526,7.994730449942135e-12,0.9999999999920053,6290473.050203772
367,18450,0.039432900150395404,9.693799050620075e-12,0.9999999999903062,6256592.965454932
368,18500,0.03973178260695833,1.1731219079392317e-11,0.9999999999882688,6222712.880706092
369,18550,0.040032165371339856,1.416973454884454e-11,0.9999999999858302,6188832.795957252
370,18600,0.040334051931165724,1.708283928613467e-11,0.9999999999829171,6154952.711208412
371,18650,0.040637445770250254,2.0556461027098146e-11,0.9999999999794436,6131783.104864045
372,18700,0.04094235036858713,2.46908833610387e-11,0.9999999999753091,6131783.104864045
373,18750,0.04124876920233775,2.9602935186656234e-11,0.999999999970397,6131783.104864045
374,18800,0.041556705743821504,3.5428480497464865e-11,0.9999999999645716,6131783.104864045
375,18850,0.04186616346150528,4.232524474210105e-11,0.9999999999576747,6131783.104864045
376,18900,0.04217714581999297,5.047601771697736e-11,0.9999999999495239,6126025.158769404
377,18950,0.04248965628001558,6.009227696143885e-11,0.9999999999399077,6091698.941666724
378,19000,0.04280369829842128,7.141827995478207e-11,0.9999999999285817,6057372.724564046
379,19050,0.04311927532816438,8.473567807608647e-11,0.9999999999152643,6023046.507461367
380,19100,0.043436390818295846,1.0036871029777905e-10,0.9999999998996313,5988720.290358689
381,19150,0.04375504821395256,1.1869003995735944e-10,0.9999999998813099,5955058.451651546
382,19200,0.04407525095634859,1.401273037048345e-10,0.9999999998598726,5955058.451651546
383,19250,0.04439700248276306,1.6517044787004032e-10,0.9999999998348296,5955058.451651546
384,19300,0.04472030622653212,1.943799340505154e-10,0.99999999980562,5955058.451651546
385,19350,0.045045165617037565,2.2839590269798868e-10,0.9999999997716041,5955058.451651546
386,19400,0.045371584079697595,2.6794839089643905e-10,0.9999999997320516,5955058.451651546
387,19450,0.04569956503595668,3.1386870838612727e-10,0.9999999996861313,5925007.06110853
388,19500,0.04602911190327542,3.671020842096652e-10,0.9999999996328979,5890503.612707286
389,19550,0.04636022809512093,4.287217051471707e-10,0.9999999995712783,5856000.164306044
390,19600,0.04669291702095709,4.99944276376734e-10,0.9999999995000557,5821496.715904801
391,19650,0.04702718208623435,5.821472445519296e-10,0.9999999994178528,5786993.267503559
392,19700,0.0473630266923799,6.768878337356813e-10,0.9999999993231121,5777421.343108376
393,19750,0.04770045423678835,7.859240553738013e-10,0.9999999992140759,5777421.343108376
394,19800,0.04803946811281108,9.112378647337656e-10,0.9999999990887621,5777421.343108376
395,19850,0.04838007170974802,1.0550606479786008e-09,0.9999999989449394,5777421.343108376
396,19900,0.04872226841283583,1.219901236283414e-09,0.9999999987800987,5777421.343108376
397,19950,0.04906606160324009,1.4085766561425947e-09,0.9999999985914233,5757594.4650616
398,20000,0.04941145465804463,1.6242458382346875e-09,0.9999999983757542,5723064.508912722
399,20050,0.04975841162244543,1.8704168105484103e-09,0.9999999981295832,5688534.552763844
400,20100,0.05010697486835838,2.151067930674616e-09,0.9999999978489321,5654004.596614965
401,20150,0.050457147959574684,2.470617931641598e-09,0.9999999975293821,5619474.640466088
402,20200,0.050808934418912745,2.8339966305614063e-09,0.9999999971660034,5599647.762419311
403,20250,0.051162337766549194,3.246697283053618e-09,0.9999999967533028,5599647.762419311
404,20300,0.05151736152000077,3.7148335111883606e-09,0.9999999962851664,5599647.762419311
405,20350,0.05187400919411019,4.245201158764539e-09,0.9999999957547988,5599647.762419311
406,20400,0.05223228430102705,4.8453454189330515e-09,0.9999999951546545,5599647.762419311
407,20450,0.052592190350193274,5.523633596251522e-09,0.9999999944763664,5590086.038971425
408,20500,0.052953730848325054,6.2893338825806225e-09,0.9999999937106662,5555619.3614267185
409,20550,0.053316909299396975,7.152700543861756e-09,0.9999999928472995,5521152.683882012
410,20600,0.05368172920462535,8.125065932632682e-09,0.999999991874934,5486686.0063373055
411,20650,0.05404819406245139,9.218939759153193e-09,0.9999999907810603,5452219.328792601
412,20700,0.05441630736852493,1.0448116072161285e-08,0.999999989551884,5422199.964479468
413,20750,0.05478607261568738,1.1827788418509472e-08,0.9999999881722116,5422199.964479468
414,20800,0.05515749329395494,1.3374673669208942e-08,0.9999999866253263,5422199.964479468
415,20850,0.055530572890501985,1.5107145017668704e-08,0.999999984892855,5422199.964479468
416,20900,0.055905314889645445,1.7045374674109793e-08,0.9999999829546253,5422199.964479468
417,20950,0.05628172277282585,1.921148679817117e-08,0.9999999807885132,5422199.964479468
418,21000,0.05665980001859331,2.1629721229664136e-08,0.9999999783702788,5388591.656921818
419,21050,0.0570395501025885,2.432660859496609e-08,0.9999999756733914,5354320.027504477
420,21100,0.05742097649752693,2.733115738395391e-08,0.9999999726688427,5320048.398087136
421,21150,0.05780408267318251,3.067505360925086e-08,0.9999999693249464,5285776.768669798
422,21200,0.0581888720963699,3.439287367606132e-08,0.9999999656071263,5251505.139252457
423,21250,0.05857534823092879,3.8522311106876866e-08,0.9999999614776889,5245756.349801805
424,21300,0.05896351453770616,4.310441778066779e-08,0.9999999568955822,5245756.349801805
425,21350,0.059353374474539505,4.818386036096761e-08,0.9999999518161397,5245756.349801805
426,21400,0.0597449314962413,5.380919260125133e-08,0.9999999461908075,5245756.349801805
427,21450,0.06013818905458087,6.003314422915685e-08,0.9999999399668558,5245756.349801805
428,21500,0.06053315059826787,6.691292712353532e-08,0.9999999330870729,5222541.4383375235
429,21550,0.060929819572935966,7.451055950965025e-08,0.9999999254894405,5188595.10553598
430,21600,0.0613281994211249,8.289320890819599e-08,0.999999917106791,5154648.772734439
431,21650,0.06172829358226494,9.213355458321513e-08,0.9999999078664454,5120702.439932896
432,21700,0.062130105492659564,1.0231017024197822e-07,0.9999998976898298,5086756.107131353
433,21750,0.06253363858546819,1.1350792774690183e-07,0.9999998864920723,5070987.488023537
434,21800,0.06293889629068986,1.2581842260520982e-07,0.9999998741815774,5070987.488023537
435,21850,0.0633458820351457,1.3934042200620436e-07,0.999999860659578,5070987.488023537
436,21900,0.06375459924246263,1.5418033617899357e-07,0.9999998458196638,5070987.488023537
437,21950,0.06416505133305675,1.704527138447628e-07,0.9999998295472862,5070987.488023537
438,22000,0.06457724172411504,1.882807625374699e-07,0.9999998117192375,5057992.474889278
439,22050,0.06499117382958018,2.0779689456530402e-07,0.9999997922031054,5024422.024292441
440,22100,0.06540685106013257,2.2914329938141478e-07,0.9999997708567007,4990851.5736956075
441,22150,0.06582427682317396,2.5247254312767105e-07,0.9999997475274569,4957281.123098771
442,22200,0.0662434545228093,2.779481961080007e-07,0.9999997220518039,4923710.672501934
443,22250,0.06666438755983195,3.057454889396438e-07,0.9999996942545111,4898153.8133378895
444,22300,0.06708707933170519,3.360519981194748e-07,0.9999996639480019,4898153.8133378895
445,22350,0.06751153323254488,3.690683617308399e-07,0.9999996309316382,4898153.8133378895
446,22400,0.06793775265310388,4.0500902600195756e-07,0.999999594990974,4898153.8133378895
447,22450,0.06836574098075503,4.441030234104891e-07,0.9999995558969766,4898153.8133378895
448,22500,0.0687955015994725,4.865947830108795e-07,0.999999513405217,4895157.011687222
449,22550,0.0692270378898168,5.32744973641689e-07,0.9999994672550263,4861978.136269122
450,22600,0.0696603532289167,5.828313806469585e-07,0.9999994171686194,4828799.260851026
451,22650,0.07009545099045197,6.371498167227123e-07,0.9999993628501833,4795620.385432926
452,22700,0.07053233454463764,6.960150674735274e-07,0.9999993039849325,4762441.510014826
453,22750,0.07097100725820632,7.597618722357209e-07,0.9999992402381278,4729262.634596727
454,22800,0.07141147249439114,8.287459406945516e-07,0.9999991712540593,4727336.119249868
455,22850,0.0718537336129086,9.033450057907365e-07,0.9999990966549942,4727336.119249868
456,22900,0.07229779396994142,9.83959913378e-07,0.9999990160400867,4727336.119249868
457,22950,0.07274365691812294,1.0710157490582001e-06,0.9999989289842509,4727336.119249868
458,23000,0.07319132580651842,1.1649630025819124e-06,0.9999988350369974,4727336.119249868
459,23050,0.07364080398060886,1.2662787701651641e-06,0.9999987337212298,4701345.448379724
460,23100,0.07409209478227397,1.3754679950303598e-06,0.9999986245320049,4668592.976957995
461,23150,0.07454520154977463,1.4930647464374321e-06,0.9999985069352536,4635840.505536267
462,23200,0.07500012761773653,1.6196335374272205e-06,0.9999983803664626,4603088.034114538
463,23250,0.07545687631713328,1.7557706814525433e-06,0.9999982442293186,4570335.562692809
464,23300,0.07591545097526815,1.9021056880247707e-06,0.9999980978943119,4558713.717994775
465,23350,0.07637585491575907,2.059302697456675e-06,0.9999979406973025,4558713.717994775
466,23400,0.07683809145851915,2.228061954728007e-06,0.9999977719380453,4558713.717994775
467,23450,0.07730216391974137,2.409121322453955e-06,0.9999975908786776,4558713.717994775
468,23500,0.07776807561188229,2.6032578328791504e-06,0.9999973967421671,4558713.717994775
469,23550,0.0782358298436418,2.8112892787661345e-06,0.9999971887107212,4542696.207851047
470,23600,0.07870542991995012,3.034075842998003e-06,0.999996965924157,4510453.1679513315
471,23650,0.07917687914194747,3.2725217666481657e-06,0.9999967274782333,4478210.128051615
472,23700,0.07965018080696919,3.5275770552247956e-06,0.9999964724229448,4445967.0881519
473,23750,0.08012533820852703,3.800239222729857e-06,0.9999961997607772,4413724.048252184
474,23800,0.08060235463629378,4.091555073122107e-06,0.9999959084449269,4392714.067414304
475,23850,0.08108123337608535,4.402622518707863e-06,0.9999955973774813,4392714.067414304
476,23900,0.08156197770984377,4.7345924349283e-06,0.9999952654075651,4392714.067414304
477,23950,0.08204459091561957,5.088670550949917e-06,0.9999949113294491,4392714.067414304
478,24000,0.08252907626755623,5.466119375407354e-06,0.9999945338806246,4392714.067414304
479,24050,0.0830154370358723,5.868260156582342e-06,0.9999941317398434,4386360.058598873
480,24100,0.08350367648684417,6.296474876247568e-06,0.9999937035251237,4354590.014521708
481,24150,0.08399379788278898,6.752208276341452e-06,0.9999932477917236,4322819.970444543
482,24200,0.08448580448204848,7.2369699175813665e-06,0.9999927630300824,4291049.926367378
483,24250,0.08497969953897054,7.752336269058595e-06,0.999992247663731,4259279.882290212
484,24300,0.0854754863038942,8.299952827808575e-06,0.9999917000471722,4229149.582423481
485,24350,0.08597316802313108,8.881536267277524e-06,0.9999911184637327,4229149.582423481
486,24400,0.08647274793894774,9.498876613560896e-06,0.9999905011233864,4229149.582423481
487,24450,0.0869742292895512,1.0153839448229621e-05,0.9999898461605518,4229149.582423481
488,24500,0.08747761530906892,1.0848368136490542e-05,0.9999891516318635,4229149.582423481
489,24550,0.08798290922753439,1.1584486079395945e-05,0.9999884155139206,4229149.582423481
490,24600,0.08849011427086875,1.2364298988737111e-05,0.9999876357010112,4200863.353803828
491,24650,0.08899923366086396,1.3189997183221982e-05,0.9999868100028168,4169546.4578320677
492,24700,0.0895102706151654,1.4063857904476248e-05,0.9999859361420955,4138229.5618603076
493,24750,0.09002322834725611,1.498824765136231e-05,0.9999850117523487,4106912.665888547
494,24800,0.09053811006643835,1.5965624531050627e-05,0.9999840343754689,4075595.7699167863
495,24850,0.09105491897781788,1.6998540625247693e-05,0.9999830014593748,4067918.0792914513
496,24900,0.09157365828228636,1.808964436992035e-05,0.9999819103556301,4067918.0792914513
497,24950,0.09209433117650369,1.9241682946824795e-05,0.9999807583170531,4067918.0792914513
498,25000,0.09261694085288293,2.0457504685107684e-05,0.9999795424953148,4067918.0792914513
499,25050,0.09314149049957077,2.1740061471186504e-05,0.9999782599385288,4067918.0792914513
500,25100,0.09366798330043358,2.3092411165115073e-05,0.9999769075888348,4049212.265903192
501,25150,0.09419642243503701,2.451772002155324e-05,0.9999754822799785,4018367.573614039
502,25200,0.09472681107863233,2.6019265113486366e-05,0.9999739807348865,3987522.8813248863
503,25250,0.09525915240213746,2.7600436756745303e-05,0.9999723995632432,3956678.189035733
504,25300,0.09579344957212005,2.926474093339696e-05,0.9999707352590667,3925833.49674658
505,25350,0.09632970575078174,3.101580171202873e-05,0.999968984198288,3909117.6635060064
506,25400,0.09686792409594024,3.28573636629147e-05,0.9999671426363371,3909117.6635060064
507,25450,0.09740810776101286,3.479329426605247e-05,0.999965206705734,3909117.6635060064
508,25500,0.09795025989499936,3.6827586310019013e-05,0.9999631724136899,3909117.6635060064
509,25550,0.09849438364246524,3.8964360279588527e-05,0.9999610356397204,3909117.6635060064
510,25600,0.099040482143524,4.12078667300301e-05,0.99995879213327,3899723.4229908697
511,25650,0.09958855853382255,4.3562488646012787e-05,0.999956437511354,3869387.854660737
512,25700,0.10013861594452081,4.6032743782982343e-05,0.999953967256217,3839052.286330604
513,25750,0.10069065750227797,4.862328698895352e-05,0.999951376713011,3808716.7180004716
514,25800,0.101244686329234,5.133891250456048e-05,0.9999486610874955,3778381.1496703387
515,25850,0.10180070554299331,5.418455623927775e-05,0.9999458154437607,3752938.41494184
516,25900,0.10235871825660778,5.7165298021689106e-05,0.9999428347019783,3752938.41494184
517,25950,0.10291872757855913,6.028636382168869e-05,0.9999397136361783,3752938.41494184
518,26000,0.10348073661274423,6.355312794253288e-05,0.9999364468720575,3752938.41494184
519,26050,0.10404474845845571,6.69711151806002e-05,0.9999330288848194,3752938.41494184
520,26100,0.10461076621036676,7.054600295082254e-05,0.9999294539970491,3752553.0521924766
521,26150,0.10517879295851355,7.428362337567833e-05,0.9999257163766243,3722687.4391167075
522,26200,0.10574883178827925,7.818996533571095e-05,0.9999218100346643,3692821.826040939
523,26250,0.106320885780376,8.22711764795102e-05,0.9999177288235205,3662956.2129651704
524,26300,0.10689495801082931,8.653356519116574e-05,0.9999134664348088,3633090.5998894013
525,26350,0.10747105155096114,9.098360251317517e-05,0.9999090163974869,3603224.986813633
526,26400,0.10804916946737167,9.562792402282649e-05,0.9999043720759772,3599178.677945303
527,26450,0.10862931482192484,0.00010047333166015749,0.9998995266683398,3599178.677945303
528,26500,0.10921149067172964,0.00010552679550551436,0.9998944732044945,3599178.677945303
529,26550,0.10979570006912466,0.00011079545550488545,0.9998892045444951,3599178.677945303
530,26600,0.11038194606166069,0.00011628662314112322,0.9998837133768589,3599178.677945303
531,26650,0.11097023169208353,0.00012200778304926119,0.9998779922169507,3578080.7795317806
532,26700,0.1115605599983199,0.00012796659457418058,0.9998720334054259,3548619.750215599
533,26750,0.11215293401345672,0.0001341708932688046,0.9998658291067312,3519158.7208994175
534,26800,0.1127473567657272,0.00014062869233125695,0.9998593713076688,3489697.691583236
535,26850,0.11334383127849403,0.00014734818397925224,0.9998526518160208,3460236.6622670544
536,26900,0.1139423605702315,0.00015433774076012972,0.9998456622592399,3447501.894756189
537,26950,0.1145429476545102,0.00016160591679502382,0.999838394083205,3447501.894756189
538,27000,0.11514559553997843,0.0001691614489556003,0.9998308385510444,3447501.894756189
539,27050,0.11575030723034899,0.00017701325797201808,0.999822986742028,3447501.894756189
540,27100,0.11635708572437828,0.00018517044947055042,0.9998148295505295,3447501.894756189
541,27150,0.11696593401585285,0.00019364231493971442,0.9998063576850603,3435332.3081362047
542,27200,0.11757685509357338,0.00020243833262350224,0.9997975616673765,3406312.524657778
543,27250,0.1181898519413337,0.00021156816834042933,0.9997884318316596,3377292.741179351
544,27300,0.11880492753790961,0.00022104167622744787,0.9997789583237725,3348272.957700924
545,27350,0.11942208485703834,0.00023086889940732963,0.9997691311005926,3319253.1742224973
546,27400,0.12004132686740472,0.00024106007057869905,0.9997589399294213,3298096.8159446768
547,27450,0.12066265653262266,0.00025162561252755093,0.9997483743874724,3298096.8159446768
548,27500,0.12128607681122003,0.0002625761385594446,0.9997374238614406,3298096.8159446768
549,27550,0.12191159065662131,0.00027392245285141675,0.9997260775471486,3298096.8159446768
550,27600,0.12253920101713171,0.00028567555072286113,0.9997143244492771,3298096.8159446768
551,27650,0.12316891083592091,0.00029784661882460516,0.9997021533811754,3294593.6603448335
552,27700,0.12380072305100584,0.0003104470352454917,0.9996895529647545,3266015.285714528
553,27750,0.12443464059523497,0.0003234883695358894,0.9996765116304641,3237436.9110842226
554,27800,0.1250706663962708,0.0003369823826475276,0.9996630176173524,3208858.536453917
555,27850,0.12570880337657517,0.0003509410267892584,0.9996490589732108,3180280.1618236117
556,27900,0.1263490544533914,0.00036537644519819823,0.9996346235548018,3151701.7871933086
557,27950,0.12699142253872883,0.0003803009718260208,0.9996196990281739,3150964.2807512344
558,28000,0.1276359105393468,0.00039572713094004235,0.99960427286906,3150964.2807512344
559,28050,0.12828252135673676,0.000411667636638842,0.9995883323633612,3150964.2807512344
560,28100,0.1289312578871066,0.0004281353922823586,0.9995718646077176,3150964.2807512344
561,28150,0.12958212302136646,0.000445143489836354,0.9995548565101636,3150964.2807512344
562,28200,0.13023511964510884,0.00046270520913103556,0.999537294790869,3127726.776790943
563,28250,0.13089025063859494,0.0004808340170341633,0.9995191659829659,3099587.611839026
564,28300,0.13154751887673885,0.000499543566538549,0.9995004564334614,3071448.44688711
565,28350,0.13220692722908778,0.0005188476957640315,0.999481152304236,3043309.2819351936
566,28400,0.13286847855981038,0.0005387604268745075,0.9994612395731255,3015170.1169832796
567,28450,0.13353217572767748,0.0005592959649098489,0.9994407040350901,3006092.9669987885
568,28500,0.13419802158604766,0.0005804686965334295,0.9994195313034666,3006092.9669987885
569,28550,0.13486601898284853,0.0006022931886953747,0.9993977068113046,3006092.9669987885
570,28600,0.135536170760565,0.0006247841872123866,0.9993752158127877,3006092.9669987885
571,28650,0.1362084797562185,0.0006479566152641329,0.9993520433847358,3006092.9669987885
572,28700,0.1368829488013544,0.000671825571807371,0.9993281744281927,2991412.372737687
573,28750,0.13755958072202415,0.000696406329907983,0.999303593670092,2963662.4689514576
574,28800,0.1382383783387685,0.0007217143349918542,0.9992782856650081,2935912.565165228
575,28850,0.13891934446660475,0.0007477652030154515,0.9992522347969846,2908162.6613790006
576,28900,0.13960248191500757,0.0007745747185565369,0.9992254252814434,2880412.757592771
577,28950,0.14028779348789294,0.0008021588328262138,0.9991978411671738,2863225.7204090403
578,29000,0.14097528198360557,0.0008305336616032657,0.9991694663383968,2863225.7204090403
579,29050,0.1416649501948992,0.000859715483091318,0.9991402845169087,2863225.7204090403
580,29100,0.14235680090892186,0.0008897207357003137,0.9991102792642997,2863225.7204090403
581,29150,0.1430508369072016,0.0009205660157532068,0.9990794339842468,2863225.7204090403
582,29200,0.14374706096562961,0.0009522680751188371,0.9990477319248812,2856866.788152313
583,29250,0.14444547585444142,0.000984843818772156,0.9990151561812278,2829488.0520469565
584,29300,0.14514608433820675,0.0010183103022834929,0.9989816896977165,2802109.3159415997
585,29350,0.1458488891758091,0.0010526847292372386,0.9989473152707627,2774730.579836245
586,29400,0.1465538931204312,0.001087984448581952,0.9989120155514181,2747351.843730889
587,29450,0.14726109891954037,0.0011242269519129734,0.9988757730480871,2722269.388718238
588,29500,0.14797050931487313,0.0011614298706888238,0.9988385701293112,2722269.388718238
589,29550,0.14868212704241493,0.0011996109733826057,0.9988003890266174,2722269.388718238
590,29600,0.14939595483239074,0.0012387881625706113,0.9987612118374294,2722269.388718238
591,29650,0.15011199540924602,0.0012789794719585944,0.9987210205280415,2722269.388718238
592,29700,0.15083025149163035,0.0013202030633477659,0.9986797969366522,2722269.388718238
593,29750,0.1515507257923841,0.0013624772235421296,0.9986375227764579,2697010.1825892995
594,29800,0.15227342101852093,0.001405820361198284,0.9985941796388017,2670008.9622445717
595,29850,0.1529983398712137,0.0014502510036197105,0.9985497489963803,2643007.7418998457
596,29900,0.15372548504577804,0.0014957877934967914,0.9985042122065032,2616006.521555118
597,29950,0.1544548592316561,0.0015424494855943924,0.9984575505144057,2589005.30121039
598,30000,0.15518646511240347,0.0015902549433887932,0.9984097450566112,2583256.6542982855
599,30050,0.15592058073288487,0.0016392417028649635,0.998360758297135,2583256.6542982855
600,30100,0.15665694358079274,0.0016894117458590614,0.998310588254141,2583256.6542982855
601,30150,0.15739554833687164,0.0017407837380862177,0.9982592162619138,2583256.6542982855
602,30200,0.15813639769595503,0.001793376970004072,0.998206623029996,2583256.6542982855
603,30250,0.15887949434707674,0.0018472108236466365,0.9981527891763534,2566275.6032836586
604,30300,0.15962484097345442,0.0019023047689912392,0.9980976952310088,2539689.109270861
605,30350,0.16037244025247535,0.0019586783602868183,0.9980413216397132,2513102.6152580613
606,30400,0.16112229485567722,0.002016351232344712,0.9979836487676553,2486516.1212452617
607,30450,0.16187440744873224,0.0020753430967944183,0.9979246569032055,2459929.627232462
608,30500,0.162628780691433,0.002135673738305964,0.9978643262616941,2446379.0915743243
609,30550,0.1633854172376739,0.002197363010780238,0.9978026369892198,2446379.0915743243
610,30600,0.16414431973543586,0.0022604308335096466,0.9977395691664903,2446379.0915743243
611,30650,0.16490549082676967,0.002324897187310607,0.9976751028126893,2446379.0915743243
612,30700,0.16566893314778092,0.0023907821106298453,0.9976092178893702,2446379.0915743243
613,30750,0.16643464932861082,0.002458105695625888,0.9975418943043741,2437408.6840836774
614,30800,0.16720264199342388,0.002526888084228478,0.9974731119157715,2411174.473497825
615,30850,0.16797291376038723,0.0025971494641764065,0.9974028505358236,2384940.2629119707
616,30900,0.16874546724166048,0.0026689100650372183,0.9973310899349628,2358706.0523261162
617,30950,0.16952030504337304,0.0027421901542085403,0.9972578098457915,2332471.841740262
618,31000,0.17029742976561327,0.002817010032905041,0.997182989967095,2311315.220300056
619,31050,0.17107684400240752,0.0028933900321307577,0.9971066099678693,2311315.220300056
620,31100,0.1718585503417086,0.00297135050864044,0.9970286494913596,2311315.220300056
621,31150,0.17264255136537865,0.0030509118408902497,0.9969490881591098,2311315.220300056
622,31200,0.17342884964916908,0.003132094424979776,0.9968679055750203,2311315.220300056
623,31250,0.1742174477627113,0.0032149186705885268,0.9967850813294115,2310147.0745811854
624,31300,0.17500834826949302,0.0032994049969060704,0.9967005950030939,2284280.9908061908
625,31350,0.17580155372685113,0.0033855738285607654,0.9966144261714392,2258414.907031194
626,31400,0.1765970666859476,0.0034734455915452064,0.9965265544084548,2232548.8232561974
627,31450,0.17739488969175812,0.0035630407091433083,0.9964369592908567,2206682.739481201
628,31500,0.17819502528305428,0.003654379597858577,0.9963456204021415,2180816.6557062045
629,31550,0.1789974759923898,0.003747482663346437,0.9962525173366535,2178146.6083487845
630,31600,0.17980224434608166,0.003842370296351156,0.9961576297036489,2178146.6083487845
631,31650,0.1806093328641987,0.003939062868650513,0.9960609371313495,2178146.6083487845
632,31700,0.18141874406053912,0.004037580729007561,0.9959624192709925,2178146.6083487845
633,31750,0.18223048044262188,0.004137944199134047,0.995862055800866,2178146.6083487845
634,31800,0.18304454451166732,0.004240173569664177,0.9957598264303358,2159045.998713537
635,31850,0.18386093876257947,0.004344289096141604,0.9956557109038584,2133523.632390575
636,31900,0.18467966568393485,0.004450310995021919,0.9955496890049781,2108001.2660676134
637,31950,0.18550072775796503,0.0045582594396904276,0.9954417405603095,2082478.899744651
638,32000,0.1863241274605386,0.004668154556497456,0.9953318454435025,2056956.5334216892
639,32050,0.18714986726114835,0.004780016420813327,0.9952199835791866,2046747.5868925035
640,32100,0.18797794962289646,0.004893865053103566,0.9951061349468965,2046747.5868925035
641,32150,0.18880837700247416,0.005009720415025129,0.9949902795849749,2046747.5868925035
642,32200,0.18964115185015218,0.00512760240554733,0.9948723975944527,2046747.5868925035
643,32250,0.19047627660976021,0.005247530857095785,0.9947524691429042,2046747.5868925035
644,32300,0.19131375371867473,0.005369525531723359,0.9946304744682767,2035386.203341035
645,32350,0.19215358560780327,0.005493606117307759,0.9945063938826922,2010228.8540484938
646,32400,0.19299577470156604,0.0056197922237770795,0.9943802077762229,1985071.5047559526
647,32450,0.1938403234178833,0.005748103379365846,0.9942518966206342,1959914.1554634117
648,32500,0.1946872341681599,0.005878559026901419,0.9941214409730986,1934756.8061708705
649,32550,0.19553650935726852,0.006011178520122204,0.9939888214798778,1917227.8144057444
650,32600,0.19638815138353416,0.006145981120029143,0.9938540188799708,1917227.8144057444
651,32650,0.1972421626387226,0.006282985991272091,0.9937170140087279,1917227.8144057444
652,32700,0.1980985455080189,0.006422212198569903,0.9935777878014301,1917227.8144057444
653,32750,0.19895730237001766,0.006563678703168793,0.9934363212968312,1917227.8144057444
654,32800,0.19981843559670542,0.006707404359336815,0.9932925956406632,1913374.041100363
655,32850,0.2006819475534449,0.006853407910896951,0.993146592089103,1888485.0885030986
656,32900,0.20154784059895964,0.007001707987799766,0.9929982920122002,1863596.1359058341
657,32950,0.2024161170853235,0.0071523231027369825,0.992847676897263,1838707.18330857
658,33000,0.20328677935793749,0.007305271647794221,0.9926947283522057,1813818.2307113055
659,33050,0.2041598297555235,0.007460571891148616,0.9925394281088514,1789089.8520017648
660,33100,0.20503527061010043,0.007618241973806312,0.9923817580261937,1789089.8520017648
661,33150,0.2059131042469768,0.007778299906386535,0.9922217000936134,1789089.8520017648
662,33200,0.206793332984731,0.00794076356594796,0.992059236434052,1789089.8520017648
663,33250,0.20767595913520004,0.008105650692861885,0.9918943493071382,1789089.8520017648
664,33300,0.20856098500346035,0.008272978887729881,0.9917270211122701,1789089.8520017648
665,33350,0.20944841288781424,0.008442765608349103,0.9915572343916509,1767952.8750709966
666,33400,0.21033824507977994,0.008615028166725705,0.9913849718332743,1743319.5560915268
667,33450,0.21123048386406848,0.008789783726133564,0.9912102162738664,1718686.2371120604
668,33500,0.21212513151857545,0.008967049298224535,0.9910329507017754,1694052.9181325939
669,33550,0.21302219031436256,0.009146841740185718,0.9908531582598142,1669419.599153124
670,33600,0.21392166251564612,0.009329177751947925,0.990670822248052,1662267.990417149
671,33650,0.21482355037977777,0.00951407387344256,0.9904859261265574,1662267.990417149
672,33700,0.215727856157236,0.009701546481911549,0.9902984535180884,1662267.990417149
673,33750,0.21663458209160474,0.009891611789265637,0.9901083882107343,1662267.990417149
674,33800,0.21754373041956288,0.01008428583949652,0.9899157141605035,1662267.990417149
675,33850,0.2184553033708707,0.010279584506140246,0.9897204154938598,1648574.0635955015
676,33900,0.21936930316835238,0.01047752348979221,0.9895224765102077,1624176.837648891
677,33950,0.2202857320278816,0.010678118315675444,0.9893218816843246,1599779.6117022806
678,34000,0.22120459215836916,0.010881384331262189,0.9891186156687378,1575382.3857556665
679,34050,0.2221258857617461,0.011087336703947981,0.988912663296052,1550985.159809056
680,34100,0.22304961503295448,0.011295990418780854,0.9887040095812192,1536661.6271565268
681,34150,0.2239757821599248,0.011507360276241366,0.9884926397237587,1536661.6271565268
682,34200,0.2249043893235682,0.011721460890079924,0.98827853910992,1536661.6271565268
683,34250,0.2258354386977611,0.011938306685206623,0.9880616933147934,1536661.6271565268
684,34300,0.22676893244932644,0.012157911895634602,0.9878420881043654,1536661.6271565268
685,34350,0.2277048727380245,0.012380290562480098,0.9876197094375199,1530256.5277924188
686,34400,0.22864326171654067,0.012605456532016432,0.9873945434679836,1506042.127757374
687,34450,0.2295841015304623,0.012833423453780069,0.98716657654622,1481827.7277223256
688,34500,0.23052739431827288,0.01306420477873549,0.9869357952212645,1457613.3276872807
689,34550,0.23147314221133397,0.013297813757491953,0.986702186242508,1433398.927652232
690,34600,0.23242134733387307,0.01353426343857656,0.9864657365614234,1411996.522459965
691,34650,0.23337201180296882,0.013773566666761373,0.9862264333332387,1411996.522459965
692,34700,0.23432513772853666,0.014015736081445447,0.9859842639185545,1411996.522459965
693,34750,0.235280727213315,0.014260784115091657,0.9857392158849083,1411996.522459965
694,34800,0.23623878235285267,0.014508722991718705,0.9854912770082813,1411996.522459965
695,34850,0.2371993052354914,0.01475956472544611,0.9852404352745538,1411996.522459965
696,34900,0.23816229794235638,0.015013321119095998,0.984986678880904,1388634.5621996985
697,34950,0.23912776254734083,0.015270003762847519,0.9847299962371525,1364493.8699307572
698,35000,0.24009570111709033,0.015529624032945409,0.9844703759670546,1340353.1776618124
699,35050,0.24106611571099423,0.01579219309046441,0.9842078069095356,1316212.485392871
700,35100,0.2420390083811636,0.01605772188012395,0.983942278119876,1292071.7931239263
701,35150,0.24301438117242571,0.016326221129160833,0.9836737788708392,1287710.893875343
702,35200,0.24399223612230678,0.01659770134625212,0.9834022986537478,1287710.893875343
703,35250,0.24497257526101887,0.01687217282049234,0.9831278271795076,1287710.893875343
704,35300,0.24595540061144547,0.017149645620423166,0.9828503543795768,1287710.893875343
705,35350,0.24694071418912864,0.01743012959311619,0.9825698704068838,1287710.893875343
706,35400,0.2479285180022568,0.017713634363308077,0.9822863656366919,1271527.880652556
707,35450,0.24891881405165062,0.018000169332587343,0.9819998306674127,1247408.9667147424
708,35500,0.24991160433074877,0.018289743678632654,0.9817102563213673,1223290.0527769323
709,35550,0.25090689082559314,0.018582366354502423,0.9814176336454976,1199171.1388391189
710,35600,0.25190467551482076,0.01887804608797722,0.9811219539120228,1175052.2249013088
711,35650,0.25290496036964455,0.01917679138094967,0.9808232086190504,1163537.3885697066
712,35700,0.25390774735384564,0.019478610508868,0.980521389491132,1163537.3885697066
713,35750,0.2549130384237553,0.01978351152022628,0.9802164884797737,1163537.3885697066
714,35800,0.25592083552824546,0.020091502236106763,0.9799084977638932,1163537.3885697066
715,35850,0.25693114060871103,0.020402590249768805,0.9795974097502312,1163537.3885697066
716,35900,0.25794395559906264,0.020716782926289524,0.9792832170737105,1154480.378128336
717,35950,0.25895928242571176,0.02103408740225033,0.9789659125977497,1130276.2985005348
718,36000,0.2599771230075545,0.02135451058547078,0.9786454894145292,1106072.21887273
719,36050,0.260997479255961,0.021678059154791398,0.9783219408452086,1081868.1392449287
720,36100,0.26202035307476335,0.02200473955990287,0.9779952604400971,1057664.059617124
721,36150,0.26304574636024275,0.0223345580212214,0.9776654419787786,1038925.4173246315
722,36200,0.2640736610011155,0.02266752052980925,0.9773324794701908,1038925.4173246315
723,36250,0.26510409887851893,0.023003632847340905,0.9769963671526591,1038925.4173246315
724,36300,0.26613706186600355,0.023342900506115937,0.976657099493884,1038925.4173246315
725,36350,0.2671725518295137,0.023685328809112394,0.9763146711908877,1038925.4173246315
726,36400,0.2682105706273807,0.024030922830088043,0.975969077169912,1037036.0800589289
727,36450,0.26925112011030733,0.024379687413722262,0.9756203125862777,1012632.1403769043
728,36500,0.2702942021213551,0.024731627175801206,0.9752683728241988,988228.2006948831
729,36550,0.27133981849593597,0.025086746503447,0.974913253496553,963824.2610128584
730,36600,0.27238797106178997,0.025445049555383452,0.9745549504446166,939420.3213308372
731,36650,0.2734386616389873,0.025806540262251525,0.9741934597377485,915016.3816488124
732,36700,0.27449189203990115,0.026171222326955026,0.973828777673045,913284.4891552498
733,36750,0.27554766406920533,0.026539099225054867,0.9734609007749452,913284.4891552498
734,36800,0.2766059795238601,0.02691017420519871,0.9730898257948013,913284.4891552498
735,36850,0.2776668401930932,0.027284450289587567,0.9727155497104124,913284.4891552498
736,36900,0.2787302478584008,0.027661930274487736,0.9723380697255123,913284.4891552498
737,36950,0.27979620429352037,0.028042616730770527,0.9719573832692294,893951.6447959323
738,37000,0.28086471126442963,0.02842651200449808,0.9715734879955019,869186.430947215
739,37050,0.2819357705293309,0.028813618217540585,0.9711863817824594,844421.2170985013
740,37100,0.28300938383863755,0.029203937268230236,0.9707960627317698,819656.0032497839
741,37150,0.2840855529349638,0.029597470832051418,0.9704025291679486,794890.7894010701
742,37200,0.2851642795531099,0.02999422036236408,0.9700057796376359,785783.58172767
743,37250,0.2862455654200586,0.030394187091165214,0.9696058129088347,785783.58172767
744,37300,0.2873294122549496,0.03079737202987592,0.9692026279701241,785783.58172767
745,37350,0.2884158217690814,0.03120377597017115,0.9687962240298289,785783.58172767
746,37400,0.28950479566589193,0.03161339948483414,0.9683866005151659,785783.58172767
747,37450,0.2905963356409466,0.03202624292864519,0.9679737570713548,773570.1045890587
748,37500,0.2916904433819319,0.03244230643930348,0.9675576935606965,748328.9185025959
749,37550,0.29278712056863787,0.03286158993837538,0.9671384100616246,723087.7324161294
750,37600,0.29388636887295083,0.033284093132276295,0.9667159068677237,697846.5463296666
751,37650,0.2949881899588378,0.03370981551327879,0.9662901844867212,672605.3602432002
752,37700,0.2960925854823412,0.03413875636055306,0.9658612436394469,655832.1849728402
753,37750,0.29719955709155865,0.03457091474123003,0.9654290852587699,655832.1849728402
754,37800,0.2983091064266408,0.03500628951149857,0.9649937104885015,655832.1849728402
755,37850,0.29942123511977314,0.0354448793177235,0.9645551206822764,655832.1849728402
756,37900,0.30053594479516915,0.035886682597594304,0.9641133174024057,655832.1849728402
757,37950,0.3016532370690572,0.03633169758129689,0.9636683024187032,651006.1587362989
758,38000,0.302773113549667,0.036779922292710314,0.9632200777072897,625211.8805754599
759,38050,0.3038955758372246,0.03723135455063132,0.9627686454493687,599417.6024146246
760,38100,0.3050206255239325,0.037685991970016895,0.9623140080299831,573623.3242537857
761,38150,0.3061482641939693,0.03814383196325775,0.9618561680367422,547829.0460929505
762,38200,0.30727849342346913,0.038604871741466464,0.9613951282585336,523033.2561189832
763,38250,0.308411314780515,0.03906910831579341,0.9609308916842065,523033.2561189832
764,38300,0.3095467298251303,0.039536538498763305,0.9604634615012367,523033.2561189832
765,38350,0.31068474010926284,0.040007158905629704,0.9599928410943703,523033.2561189832
766,38400,0.31182534717677746,0.04048096595575348,0.9595190340442465,523033.2561189832
767,38450,0.3129685525634414,0.040957955873997844,0.9590420441260021,523033.2561189832
768,38500,0.3141143577969207,0.04143812469214753,0.9585618753078524,499523.7226668226
769,38550,0.31526276439676176,0.04192146825034006,0.95807853174966,473118.0872676522
770,38600,0.3164137738743888,0.042407982198522036,0.957592017801478,446712.45186848566
771,38650,0.3175673877330817,0.04289766199791466,0.9571023380020853,420306.81646931526
772,38700,0.31872360746797973,0.04339050292250699,0.956609497077493,393901.1810701487
773,38750,0.31988243456605814,0.043886500060554307,0.9561134999394457,387086.82354778145
774,38800,0.321043870506129,0.04438564831610279,0.9556143516838972,387086.82354778145
775,38850,0.32220791675881943,0.04488794241051936,0.9551120575894806,387086.82354778145
776,38900,0.3233745747865731,0.0453933768840471,0.9546066231159529,387086.82354778145
777,38950,0.32454384604363096,0.04590194609736521,0.9540980539026348,387086.82354778145
778,39000,0.3257157319760252,0.046413644233169044,0.9535863557668309,371028.59152154106
779,39050,0.3268902340215651,0.04692846529775937,0.9530715347022406,343973.96147733333
780,39100,0.3280673536098351,0.04744640312265009,0.9525535968773499,316919.3314331217
781,39150,0.3292470921621759,0.047967451366180434,0.9520325486338196,289864.70138891396
782,39200,0.3304294510916805,0.04849160351514547,0.9515083964848545,262810.0713447023
783,39250,0.3316144318031801,0.04901885288643346,0.9509811471135665,247799.11532017382
784,39300,0.3328020356932373,0.049549192628676846,0.9504508073713231,247799.11532017382
785,39350,0.3339922641501348,0.05008261572391183,0.9499173842760882,247799.11532017382
786,39400,0.33518511855386357,0.05061911498924706,0.9493808850107529,247799.11532017382
787,39450,0.336380600276121,0.05115868307854611,0.9488413169214539,247799.11532017382
788,39500,0.3375787106802886,0.05170131248410986,0.9482986875158901,239247.58340281583
789,39550,0.3387794511214348,0.052246995538377736,0.9477530044616223,210432.63889866509
790,39600,0.33998282294629645,0.052795724415628006,0.947204275584372,181617.69439451856
791,39650,0.34118882749327617,0.05334749113369197,0.946652508866308,152802.74989036785
792,39700,0.34239746609242944,0.05390228755567069,0.9460977124443293,123987.80538622136
793,39750,0.3436087400654487,0.05446010539165666,0.9455398946083433,99448.62684075173
794,39800,0.3448226507256701,0.055020936200472007,0.944979063799528,99448.62684075173
795,39850,0.34603919937804767,0.05558477139139734,0.9444152286086026,99448.62684075173
796,39900,0.34725838731915315,0.0561516022259173,0.9438483977740827,99448.62684075173
797,39950,0.3484802158371671,0.05672141981946698,0.943278580180533,99448.62684075173
798,40000,0.34970466834249253,0.05729420677141303,0.9427057932285869,99448.62684075173
